;Code;City;Country;Latitude;Longitude
0;BKPR;Pristina ;Montenegro;42.6615878;21.1618525
1;EBAW;Antwerp ;Belgium;51.2211097;4.3997081
2;EBBE;Beauvechain;Belgium;50.7808981;4.7717304
3;EBBL;Kleine-Brogel;Belgium;51.1725458;5.4520263
4;EBBR;Brussels ;Belgium;50.8465573;4.351697
5;EBCI;Charleroi ;Belgium;50.4116233;4.444528
6;EBCV;Chievres ;Belgium;50.5699999;3.7793462
7;EBFN;Koksijde;Belgium;51.1187723;2.6349277
8;EBFS;Florennes;Belgium;50.2514227;4.6030187
9;EBLG;Liege;Belgium;50.4708159;5.7735459
10;EBOS;Ostend-Brugge ;Belgium;51.2003974;2.8741658
11;EDAC;Leipzig-Altenburg;Germany;50.9832119;12.5098633
12;EDAH;Heringsdorf;Germany;53.9546773;14.1295706
13;EDBC;Magdeburg/Cochstedt;Germany;51.8559128;11.4159357
14;EDDB;Berlin ;Germany;52.510885;13.3989367
15;EDDC;Dresden;Germany;51.0493286;13.7381437
16;EDDE;Erfurt-Weimar;Germany;50.9792722;10.9586469
17;EDDF;Frankfurt/Main;Germany;50.1106444;8.6820917
18;EDDG;Munster/Osnabruck;Germany;52.1342178;7.6829214
19;EDDH;Hamburg;Germany;53.550341;10.000654
20;EDDK;Cologne-Bonn;Germany;50.8677817;7.138961
21;EDDL;Dusseldorf;Germany;51.2254018;6.7763137
22;EDDM;Munich;Germany;48.1371079;11.5753822
23;EDDN;Nurnberg;Germany;49.453872;11.077298
24;EDDP;Leipzig-Halle;Germany;51.4211901;12.2295859
25;EDDR;Saarbrucken;Germany;49.234362;6.996379
26;EDDS;Stuttgart;Germany;48.7784485;9.1800132
27;EDDV;Hannover;Germany;52.3744779;9.7385532
28;EDDW;Bremen;Germany;53.0758196;8.8071646
29;EDFH;Frankfurt-Hahn;Germany;49.9446334;7.2612103
30;EDFM;Mannheim ;Germany;49.4892913;8.4673098
31;EDGS;Siegerland;Germany;50.7845975;8.1208181
32;EDHI;Hamburg ;Germany;53.550341;10.000654
33;EDHK;Kiel ;Germany;54.3227085;10.135555
34;EDHL;Lubeck ;Germany;53.866444;10.684738
35;EDJA;Memmingen;Germany;47.9863099;10.1808016
36;EDLN;Monchengladbach;Germany;51.1947131;6.4353792
37;EDLP;Paderborn/Lippstadt;Germany;51.6145993;8.619064
38;EDLV;Niederrhein;Germany;51.5975224;6.6811994
39;EDLW;Dortmund;Germany;51.5142273;7.4652789
40;EDMA;Augsburg;Germany;48.3690341;10.8979522
41;EDMO;Oberpfaffenhofen;Germany;48.0732582;11.2649062
42;EDNY;Friedrichshafen;Germany;47.6500279;9.4800858
43;EDQM;Hof-Plauen;Germany;50.2883652;11.8537646
44;EDSB;Karlsruhe/Baden-Baden;Germany;48.7787136;8.0819713
45;EDTL;Lahr;Germany;49.9440252;6.2909576
46;EDTY;Schwabisch Hall;Germany;49.1123963;9.7369047
47;EDVE;Braunschweig-Wolfsburg;Germany;52.31912;10.5600944
48;EDVK;Kassel-Calden;Germany;51.4046455;9.380747
49;EDWE;Emden;Germany;53.3670541;7.2058304
50;EDXW;Sylt;Germany;54.9022784;8.3312387
51;EFET;Enontekio;Finland;68.3854896;23.6437979
52;EFHA;Halli;Finland;61.8613065;24.8283904
53;EFHK;Helsinki ;Finland;60.1674881;24.9427473
54;EFIV;Ivalo;Finland;68.6588185;27.5348114
55;EFJO;Joensuu;Finland;62.6005753;29.7622128
56;EFJY;Jyvaskyla;Finland;62.2417066;25.7495727
57;EFKE;Kemi ;Finland;65.7333404;24.5666495
58;EFKI;Kajaani;Finland;64.2240872;27.7334227
59;EFKK;Kokkola-Pietarsaari;Finland;63.7192474;23.1403733
60;EFKS;Kuusamo;Finland;65.9645637;29.1883283
61;EFKT;Kittila;Finland;67.651985;24.9095086
62;EFKU;Kuopio;Finland;62.8924601;27.6781839
63;EFLP;Lappeenranta;Finland;61.0583713;28.1862742
64;EFMA;Mariehamn;Finland;60.102423;19.94126
65;EFMI;Mikkeli;Finland;61.6877956;27.2726569
66;EFOU;Oulu;Finland;65.0118734;25.4716809
67;EFPO;Pori;Finland;61.4866126;21.7972071
68;EFRO;Rovaniemi;Finland;66.5025657;25.73122
69;EFSA;Savonlinna;Finland;61.8689933;28.8797178
70;EFSI;Seinajoki;Finland;62.7954104;22.8442015
71;EFTP;Tampere ;Finland;61.4980214;23.7603118
72;EFTU;Turku;Finland;60.4517531;22.2670522
73;EFUT;Utti;Finland;60.8798273;26.9288293
74;EFVA;Vaasa;Finland;63.0957722;21.6159187
75;EGAA;Belfast ;United Kingdom;54.596391;-5.9301829
76;EGAC;Belfast ;United Kingdom;54.596391;-5.9301829
77;EGAE;Londonderry ;United Kingdom;54.9978678;-7.3213056
78;EGBB;Birmingham;United Kingdom;52.4796992;-1.9026911
79;EGBJ;Gloucestershire;United Kingdom;51.7643786;-2.1880662
80;EGCC;Manchester;United Kingdom;53.4794892;-2.2451148
81;EGCK;Caernarfon;United Kingdom;53.1394364;-4.2769751
82;EGDM;Boscombe Down;United Kingdom;51.1555203;-1.7419627
83;EGDR;Culdrose;United Kingdom;51.4099195;-1.5209757
84;EGDY;Yeovilton;United Kingdom;51.0044321;-2.6467489
85;EGEC;Campbeltown;United Kingdom;55.4241858;-5.6051005
86;EGEO;Oban;United Kingdom;56.4120166;-5.4723731
87;EGFF;Cardiff;United Kingdom;51.4816546;-3.1791934
88;EGGD;Bristol;United Kingdom;51.4538022;-2.5972985
89;EGGP;Liverpool;United Kingdom;53.4071991;-2.99168
90;EGGW;London ;United Kingdom;51.5074456;-0.1277653
91;EGHC;Lands End ;United Kingdom;52.6848727;-0.0483258
92;EGHH;Bournemouth;United Kingdom;50.7201514;-1.8799118
93;EGHI;Southampton;United Kingdom;50.9025349;-1.404189
94;EGHQ;Newquay;United Kingdom;50.4134414;-5.0848836
95;EGJB;Guernsey;United Kingdom;57.1669969;-7.374733
96;EGJJ;Jersey;United Kingdom;51.6296367;-3.8629818
97;EGKA;Shoreham;United Kingdom;50.8322307;-0.2746717
98;EGKB;Biggin Hill;United Kingdom;51.33199;0.029007
99;EGKK;London ;United Kingdom;51.5074456;-0.1277653
100;EGLC;London ;United Kingdom;51.5074456;-0.1277653
101;EGLF;Farnborough;United Kingdom;51.2918693;-0.7539836
102;EGLL;London ;United Kingdom;51.5074456;-0.1277653
103;EGMC;Southend;United Kingdom;51.5388241;0.7128137
104;EGMD;Lydd;United Kingdom;50.950968;0.9065381
105;EGNH;Blackpool;United Kingdom;53.8179442;-3.0509812
106;EGNJ;Humberside;United Kingdom;51.2379153;-0.7410902
107;EGNM;Leeds Bradford;United Kingdom;53.8666504;-1.6567819
108;EGNO;Warton;United Kingdom;54.1418786;-2.8123655
109;EGNR;Hawarden;United Kingdom;53.1847774;-3.0266607
110;EGNS;Isle Of Man;United Kingdom;54.447864;-1.3177289
111;EGNT;Newcastle;United Kingdom;54.9738474;-1.6131572
112;EGNV;Durham Tees Valley;United Kingdom;54.5094106;-1.4247903
113;EGNX;East Midlands;United Kingdom;53.1188177;-1.2597069
114;EGOS;Shawbury;United Kingdom;52.7875181;-2.6554872
115;EGOV;Valley;United Kingdom;53.2845182;-4.5619223
116;EGOW;Woodvale;United Kingdom;54.6105885;-5.9617824
117;EGPA;Kirkwall;United Kingdom;58.9816049;-2.960369
118;EGPB;Sumburgh;United Kingdom;59.8780367;-1.2867463
119;EGPC;Wick;United Kingdom;58.4425516;-3.0915827
120;EGPD;Aberdeen ;United Kingdom;57.1482429;-2.0928095
121;EGPE;Inverness;United Kingdom;57.4790124;-4.225739
122;EGPF;Glasgow;United Kingdom;55.861155;-4.2501687
123;EGPH;Edinburgh;United Kingdom;55.9533456;-3.1883749
124;EGPI;Islay;United Kingdom;55.7585802;-6.1656723
125;EGPK;Prestwick;United Kingdom;55.4982802;-4.6113017
126;EGPL;Benbecula;United Kingdom;57.4464256;-7.338421
127;EGPO;Stornoway;United Kingdom;58.2084053;-6.3881174
128;EGPU;Tiree;United Kingdom;56.498356;-6.894488
129;EGQL;Leuchars;United Kingdom;56.374796;-2.8938545
130;EGQM;Boulmer;United Kingdom;55.4211614;-1.5813144
131;EGQS;Lossiemouth;United Kingdom;57.7220766;-3.2814625
132;EGSC;Cambridge;United Kingdom;52.2055314;0.1186637
133;EGSH;Norwich;United Kingdom;52.6285576;1.2923954
134;EGSS;London ;United Kingdom;51.5074456;-0.1277653
135;EGTC;Cranfield;United Kingdom;52.0690205;-0.6079317
136;EGTE;Exeter;United Kingdom;50.7256138;-3.5269209
137;EGTK;Oxford ;United Kingdom;51.7520131;-1.2578499
138;EGUB;Benson;United Kingdom;51.6211826;-1.1084793
139;EGUL;Lakenheath ;United Kingdom;52.4175635;0.5180418
140;EGUN;Mildenhall ;United Kingdom;52.3455998;0.5127653
141;EGUW;Wattisham;United Kingdom;52.1261961;0.9367006
142;EGVA;Fairford ;United Kingdom;51.7107733;-1.782001
143;EGVN;Brize Norton;United Kingdom;51.7664356;-1.5664074
144;EGVO;Odiham;United Kingdom;51.2496285;-0.9346917
145;EGVP;Middle Wallop;United Kingdom;51.1393682;-1.5811102
146;EGWC;Cosford;United Kingdom;52.6448458;-2.3006927
147;EGWU;Northolt;United Kingdom;51.5484582;-0.3695247
148;EGXC;Coningsby;United Kingdom;53.088725;-0.1630624
149;EGXE;Leeming;United Kingdom;54.2984091;-1.5497583
150;EGXT;Wittering;United Kingdom;52.6099806;-0.4449699
151;EGXW;Waddington;United Kingdom;53.175354;-0.5561273
152;EGXZ;Topcliffe;United Kingdom;54.1781348;-1.3871054
153;EGYD;Cranwell;United Kingdom;53.0375651;-0.4629025
154;EGYE;Barkston Heath;United Kingdom;52.9637176;-0.5906836
155;EGYM;Marham;United Kingdom;52.6608915;0.5370125
156;EHAM;Amsterdam ;Netherlands;52.3730796;4.8924534
157;EHBK;Maastricht ;Netherlands;50.8512438;5.6909768
158;EHDL;Arnhem ;Netherlands;51.984257;5.9108573
159;EHEH;Eindhoven;Netherlands;51.4392648;5.478633
160;EHGG;Groningen ;Netherlands;53.2190652;6.5680077
161;EHGR;Gilze-Rijen;Netherlands;51.563239;4.9130394
162;EHKD;De Kooy;Netherlands;52.9135478;4.7946
163;EHLE;Lelystad;Netherlands;52.5150949;5.4768915
164;EHLW;Leeuwarden;Netherlands;53.2005936;5.7918548
165;EHRD;Rotterdam;Netherlands;51.9244424;4.47775
166;EHVK;Volkel;Netherlands;51.6440771;5.6557033
167;EHWO;Woensdrecht;Netherlands;51.4106688;4.327761
168;EICK;Cork;Ireland;51.897077;-8.4654674
169;EIDW;Dublin ;Ireland;53.3493795;-6.2605593
170;EIKN;Ireland West ;Ireland;53.9115807;-8.8131427
171;EIKY;Kerry;Ireland;52.1453345;-9.5174011
172;EIME;Baldonnel ;Ireland;53.3101717;-6.4422618
173;EINN;Shannon;Ireland;53.1349614;-8.1611027
174;EISG;Sligo;Ireland;54.2720696;-8.4751357
175;EIWF;Waterford;Ireland;52.2609997;-7.1119081
176;EKAH;Aarhus;Denmark;56.1496278;10.2134046
177;EKBI;Billund;Denmark;55.7247018;9.1195835
178;EKCH;Copenhagen ;Denmark;55.6867243;12.5700724
179;EKEB;Esbjerg;Denmark;55.4664892;8.4520751
180;EKKA;Karup ;Denmark;56.3111225;9.1706768
181;EKOD;Odense ;Denmark;55.3997225;10.3852104
182;EKRK;Copenhagen ;Denmark;55.6867243;12.5700724
183;EKRN;Bornholm ;Denmark;55.1431224;14.9226297
184;EKRS;Ringsted;Denmark;55.446817;11.7975218
185;EKSB;Sonderborg;Denmark;54.9089186;9.7897999
186;EKSP;Vojens/Skrydstrup ;Denmark;55.2419135;9.2523033
187;EKVD;Kolding ;Denmark;55.4894999;9.47905
188;EKVJ;Stauning;Denmark;55.9622311;8.3722636
189;EKYT;Aalborg;Denmark;57.0462626;9.9215263
190;EKVG;Vagar;Faroe Island;65.0;-18.0
191;ELLX;Luxembourg;Luxembourg;49.8158683;6.1296751
192;ENAL;Alesund ;Norway;62.4802363;6.5550739
193;ENAN;Andenes ;Norway;69.3122989;16.1057085
194;ENAT;Alta;Norway;69.9666046;23.2733282
195;ENBL;Forde ;Norway;61.4521759;5.8571725
196;ENBN;Bronnoysund ;Norway;65.4748755;12.2116394
197;ENBO;Bodo;Norway;67.3094783;13.915442
198;ENBR;Bergen ;Norway;60.3943055;5.3259192
199;ENBS;Batsfjord;Norway;70.6142761;30.3274063
200;ENBV;Berlevag;Norway;70.7990451;29.1505286
201;ENCN;Kristiansand ;Norway;58.0856276;7.931858
202;ENDU;Bardufoss;Norway;69.065637;18.5159237
203;ENEV;Harstad-Narvik ;Norway;68.4891547;16.6911866
204;ENFL;Floro;Norway;61.6002583;5.0349596
205;ENGM;Oslo ;Norway;59.9133301;10.7389701
206;ENHD;Haugesund ;Norway;59.4682478;5.0827612
207;ENHF;Hammerfest;Norway;70.6413392;23.8360801
208;ENHK;Hasvik;Norway;70.6328945;22.115764
209;ENHV;Honningsvag ;Norway;70.9802638;25.977841
210;ENKB;Kristiansund ;Norway;63.2168194;7.545259
211;ENKR;Kirkenes ;Norway;69.7271478;30.0448971
212;ENLK;Leknes;Norway;68.1474646;13.6115311
213;ENMH;Mehamn;Norway;71.0389923;27.8517589
214;ENML;Molde ;Norway;62.6016257;8.1386208
215;ENMS;Mosjoen ;Norway;65.8375342;13.1892098
216;ENNA;Lakselv ;Norway;70.0524983;24.9606571
217;ENNO;Notodden ;Norway;59.6871024;9.1508082
218;ENOL;Orland;Norway;63.8414053;9.7003652
219;ENOV;Orsta-Volda ;Norway;62.1784694;6.0695736
220;ENRA;Mo I Rana ;Norway;66.3110969;14.1386991
221;ENRM;Rorvik ;Norway;64.8615745;11.2379128
222;ENRO;Roros;Norway;62.5695151;11.6604365
223;ENRS;Rost;Norway;67.3972862;12.0326911
224;ENRY;Moss ;Norway;59.4146674;10.6596578
225;ENSB;Svalbard ;Norway;78.7198519;20.3493328
226;ENSD;Sandane ;Norway;59.0652898;8.0021679
227;ENSG;Sogndal ;Norway;61.329791;6.7203648
228;ENSO;Stord ;Norway;59.8250205;5.4883706
229;ENSR;Sorkjosen;Norway;69.7860232;20.9502985
230;ENSS;Vardo ;Norway;70.3308158;30.9618205
231;ENST;Sandnessjoen ;Norway;66.0215451;12.6317232
232;ENTC;Tromso ;Norway;69.6516345;18.9558585
233;ENTO;Sandefjord ;Norway;59.0799004;10.2804322
234;ENVA;Trondheim ;Norway;63.4304475;10.3952118
235;ENVD;Vadso;Norway;70.2267198;29.7828009
236;ENZV;Stavanger ;Norway;58.9699675;5.7318101
237;ESCF;Linkoping ;Sweden;58.4098135;15.6245252
238;ESCM;Uppsala;Sweden;59.8586126;17.6387436
239;ESDF;Ronneby;Sweden;56.2100417;15.2760355
240;ESGG;Goteborg ;Sweden;57.7072326;11.9670171
241;ESGJ;Jonkoping;Sweden;57.7825634;14.165719
242;ESGP;Goteborg ;Sweden;57.7072326;11.9670171
243;ESGT;Trollhattan-Vanersborg;Sweden;58.318044;12.3452129
244;ESIA;Karlsborg;Sweden;58.583333;14.5
245;ESIB;Satenas;Sweden;58.4421321;12.7007633
246;ESKM;Mora ;Sweden;61.0086787;14.5442519
247;ESKN;Stockholm ;Sweden;59.3251172;18.0710935
248;ESMK;Kristianstad;Sweden;56.0293778;14.1566859
249;ESMQ;Kalmar;Sweden;56.6628826;16.3662382
250;ESMS;Malmo;Sweden;55.6052931;13.0001566
251;ESMT;Halmstad;Sweden;56.6739826;12.8574827
252;ESMV;Hagshult;Sweden;57.2910877;14.135628
253;ESMX;Vaxjo ;Sweden;56.8787183;14.8094385
254;ESND;Sveg;Sweden;62.0360709;14.3598392
255;ESNG;Gallivare;Sweden;67.3;20.25
256;ESNK;Kramfors-Solleftea;Sweden;63.0526173;17.7446526
257;ESNL;Lycksele;Sweden;64.6;18.166667
258;ESNN;Sundsvall-Timra;Sweden;62.5278157;17.4406275
259;ESNO;Ornskoldsvik;Sweden;63.2888613;18.7160209
260;ESNQ;Kiruna;Sweden;68.166667;19.5
261;ESNS;Skelleftea;Sweden;64.7520185;20.959339
262;ESNU;Umea;Sweden;63.8256568;20.2630745
263;ESNV;Vilhelmina;Sweden;64.833333;16.0
264;ESNX;Arvidsjaur;Sweden;65.666667;19.25
265;ESNZ;Are Ostersund;Sweden;63.1953787;14.4998178
266;ESOE;Orebro;Sweden;59.2747287;15.2151181
267;ESOH;Hagfors;Sweden;60.0297519;13.6518574
268;ESOK;Karlstad;Sweden;59.3809146;13.5027631
269;ESOW;Stockholm ;Sweden;59.3251172;18.0710935
270;ESPA;Lulea ;Sweden;65.5831187;22.1459535
271;ESPE;Vidsel;Sweden;65.8336059;20.5200884
272;ESSA;Stockholm ;Sweden;59.3251172;18.0710935
273;ESSB;Stockholm ;Sweden;59.3251172;18.0710935
274;ESSD;Borlange;Sweden;60.4856426;15.4234561
275;ESSL;Linkoping ;Sweden;58.4098135;15.6245252
276;ESSP;Norrkoping ;Sweden;58.5909124;16.1903511
277;ESST;Torsby;Sweden;60.5;13.083333
278;ESSV;Visby;Sweden;57.6379361;18.297982
279;ESTA;Angelholm;Sweden;56.2429224;12.8619375
280;ESTL;Ljungbyhed;Sweden;56.0744425;13.2335627
281;ESUP;Pajala;Sweden;67.25;23.0
282;ESUT;Hemavan Tarnaby;Sweden;65.8160692;15.087924
283;ETAD;Spangdahlem ;Germany;49.9833;6.68333
284;ETAR;Ramstein ;Germany;49.4475167;7.5554676
285;ETEB;Ansbach ;Germany;49.3028611;10.5722288
286;ETHA;Altenstadt;Germany;47.823657;10.8734632
287;ETHB;Buckeburg;Germany;52.2611037;9.0488959
288;ETHC;Celle;Germany;52.624056;10.081052
289;ETHF;Fritzlar;Germany;51.1537071;9.2645106
290;ETHL;Laupheim;Germany;48.230514;9.8771587
291;ETHN;Niederstetten;Germany;49.4003232;9.9189607
292;ETHS;Fassberg;Germany;52.8989323;10.1667763
293;ETIC;Grafenwohr ;Germany;49.7209693;11.9018013
294;ETIK;Illesheim ;Germany;49.4805594;10.3786501
295;ETMN;Nordholz;Germany;53.7859113;8.6151701
296;ETND;Diepholz;Germany;52.7478987;8.7615261
297;ETNG;Geilenkirchen;Germany;50.963605;6.1199802
298;ETNH;Hohn;Germany;54.298156;9.5063907
299;ETNL;Laage ;Germany;53.9258806;12.3501625
300;ETNN;Norvenich;Germany;50.8064333;6.6409632
301;ETNS;Schleswig;Germany;54.51851;9.5653284
302;ETNT;Wittmundhafen;Germany;53.551304;7.6600852
303;ETNW;Wunstorf;Germany;52.4257979;9.4294425
304;ETOU;Wiesbaden ;Germany;50.0820384;8.2416556
305;ETSB;Buchel;Germany;50.1730329;7.0840762
306;ETSH;Holzdorf;Germany;54.554442;9.8965509
307;ETSL;Lechfeld;Germany;48.1643014;10.8229467
308;ETSN;Neuburg;Germany;53.9449473;11.5903337
309;ETWM;Meppen;Germany;52.6947452;7.2909824
310;LATI;Tirana;Albania;41.3281482;19.8184435
311;LDDU;Dubrovnik ;Croatia;42.6491029;18.0939501
312;LDOS;Osijek ;Croatia;45.5548793;18.6953685
313;LDPL;Pula;Croatia;44.8702281;13.8455311
314;LDRI;Rijeka ;Croatia;45.3267976;14.442208
315;LDSP;Split ;Croatia;43.5116383;16.4399659
316;LDZA;Zagreb ;Croatia;45.8130967;15.9772795
317;LDZD;Zadar ;Croatia;44.1168594;15.2353257
318;LEAB;Albacete;Spain;38.9950921;-1.8559154
319;LEAL;Alicante;Spain;38.3436365;-0.4881708
320;LEAO;Ciudad Real ;Spain;38.9597347;-3.8828744
321;LEAS;Asturias;Spain;43.3133868;-5.94192
322;LEBA;Cordoba;Spain;37.8845813;-4.7760138
323;LEBB;Bilbao;Spain;43.2630018;-2.9350039
324;LEBG;Burgos;Spain;42.343926;-3.696977
325;LEBL;Barcelona ;Spain;41.3828939;2.1774322
326;LEBT;Valencia ;Spain;39.4697065;-0.3763353
327;LEBZ;Badajoz ;Spain;38.8896436;-6.9801425
328;LECO;A Coruna;Spain;43.3709703;-8.3959425
329;LEDA;Lleida ;Spain;41.6147605;0.6267842
330;LEGA;Granada ;Spain;37.1734995;-3.5995337
331;LEGE;Girona;Spain;41.9793006;2.8199439
332;LEGR;Granada ;Spain;37.1734995;-3.5995337
333;LEHC;Huesca ;Spain;42.1360614;-0.0298027
334;LEIB;Ibiza;Spain;38.9743901;1.4197463
335;LEJR;Jerez;Spain;36.6816936;-6.1377402
336;LELC;Murcia ;Spain;37.9923795;-1.1305431
337;LELL;Sabadell;Spain;41.5421013;2.1138977
338;LELN;Leon;Spain;42.6341451;-5.9714151
339;LELO;Logrono ;Spain;42.4661196;-2.4396676
340;LEMD;Madrid ;Spain;40.4167047;-3.7035825
341;LEMG;Malaga ;Spain;36.7213028;-4.4216366
342;LEMH;Menorca;Spain;39.9492572;4.0499642
343;LEMO;Seville ;Spain;37.3886303;-5.9953403
344;LEPA;Palma De Mallorca;Spain;39.5695818;2.6500745
345;LEPP;Pamplona;Spain;42.815686;-1.6522353
346;LERI;Murcia ;Spain;37.9923795;-1.1305431
347;LERS;Reus;Spain;41.1555564;1.1076133
348;LERT;Cadiz ;Spain;36.5262463;-5.9008367
349;LESA;Salamanca ;Spain;40.9651572;-5.6640182
350;LESB;Mallorca ;Spain;39.613432;2.8829185
351;LESO;San Sebastian;Spain;43.3224219;-1.9838889
352;LEST;Santiago;Spain;42.9189543;-8.550786
353;LESU;La Seu d'Urgell ;Spain;42.3575723;1.4560067
354;LETL;Teruel;Spain;40.6005259;-0.9229282
355;LETO;Madrid ;Spain;40.4167047;-3.7035825
356;LEVC;Valencia ;Spain;39.4697065;-0.3763353
357;LEVD;Valladolid ;Spain;41.6521807;-4.728605
358;LEVT;Vitoria ;Spain;42.8465088;-2.6724025
359;LEVX;Vigo;Spain;42.2376602;-8.7247205
360;LEXJ;Santander;Spain;43.4618932;-3.8100255
361;LEZG;Zaragoza;Spain;41.6521342;-0.8809428
362;LEZL;Seville;Spain;37.3886303;-5.9953403
363;LFAC;Calais-Dunkerque;France;50.9607603;1.9533631
364;LFAQ;Albert ;France;50.0018022;2.6509223
365;LFAT;Le Touquet ;France;50.5200083;1.5864532
366;LFBA;Agen ;France;44.2015827;0.6176112
367;LFBC;Cazaux ;France;43.052569;1.5096567
368;LFBD;Bordeaux ;France;44.841225;-0.5800364
369;LFBE;Bergerac ;France;44.8534568;0.487531
370;LFBF;Toulouse ;France;43.6044622;1.4442469
371;LFBG;Cognac ;France;45.6931647;-0.3250175
372;LFBH;La Rochelle ;France;46.159732;-1.1515951
373;LFBI;Poitiers ;France;46.5802596;0.340196
374;LFBL;Limoges ;France;45.8354243;1.2644847
375;LFBM;Mont-De-Marsan;France;43.8911318;-0.500972
376;LFBO;Toulouse ;France;43.6044622;1.4442469
377;LFBP;Pau/Pyrenees;France;43.2866445;-0.0927302
378;LFBT;Tarbes ;France;43.232858;0.0781021
379;LFBU;Angouleme ;France;45.6484505;0.1561947
380;LFBX;Perigueux ;France;45.1909365;0.7184407
381;LFBY;Dax ;France;43.7084065;-1.0518771
382;LFBZ;Biarritz ;France;43.4832523;-1.5592776
383;LFCK;Castres-Mazamet;France;43.590608;2.269684
384;LFCR;Rodez ;France;44.3511408;2.5728493
385;LFGA;Colmar ;France;48.0777517;7.3579641
386;LFGJ;Dole ;France;47.0921047;5.4925463
387;LFHP;Le Puy ;France;44.6619444;0.0738889
388;LFJL;Metz-Nancy/Lorraine;France;48.9783649;6.2437694
389;LFJR;Angers ;France;47.4739884;-0.5515588
390;LFKB;Bastia ;France;42.6993979;9.4509187
391;LFKC;Calvi ;France;42.5677079;8.7590528
392;LFKF;Figari/Sud Corse;France;41.5032668;9.0983266
393;LFKJ;Ajaccio ;France;41.9263991;8.7376029
394;LFKS;Solenzara;France;41.9238896;9.4011262
395;LFLB;Chambery ;France;45.5662672;5.9203636
396;LFLC;Clermont-Ferrand/Auvergne;France;45.7850077;3.1604752
397;LFLH;Chalon ;France;45.4458331;4.9310763
398;LFLL;Lyon ;France;45.7578137;4.8320114
399;LFLN;St Yan;France;46.4116528;4.0390288
400;LFLP;Annecy ;France;45.8992348;6.1288847
401;LFLS;Grenoble ;France;45.1875602;5.7357819
402;LFLU;Valence ;France;44.9332277;4.8920811
403;LFLV;Vichy ;France;46.1239268;3.4203712
404;LFLW;Aurillac;France;44.9285441;2.4433101
405;LFLX;Chateauroux ;France;46.8047;1.6957099
406;LFLY;Lyon ;France;45.7578137;4.8320114
407;LFMC;Le Luc ;France;43.3946278;6.3128995
408;LFMD;Cannes ;France;43.5515198;7.0134418
409;LFMH;St Etienne ;France;45.4401467;4.3873058
410;LFMI;Istres ;France;43.5139051;4.9884323
411;LFMK;Carcassonne ;France;43.2130358;2.3491069
412;LFML;Marseille/Provence;France;43.433148;5.2069707
413;LFMN;Nice/Cote D'Azur;France;43.7034213;7.2631626
414;LFMP;Perpignan ;France;42.6985304;2.8953121
415;LFMT;Montpellier/Mediterranee;France;43.5803862;3.9631657
416;LFMU;Beziers ;France;43.3426562;3.2131307
417;LFMV;Avignon ;France;43.9492493;4.8059012
418;LFMY;Salon ;France;45.01895;0.77178
419;LFOA;Avord ;France;47.0353206;2.6511406
420;LFOB;Beauvais ;France;49.4300997;2.0823355
421;LFOE;Evreux ;France;49.0268903;1.1510164
422;LFOH;Le Havre ;France;49.4938975;0.1079732
423;LFOJ;Orleans ;France;47.9027336;1.9086066
424;LFOK;Chalons ;France;45.4458331;4.9310763
425;LFOP;Rouen/Vallee De Seine;France;49.3850152;1.1833605
426;LFOT;Tours ;France;47.3900474;0.6889268
427;LFOV;Laval ;France;48.0706687;-0.7734022
428;LFOZ;Orleans ;France;47.9027336;1.9086066
429;LFPB;Paris ;France;48.8534951;2.3483915
430;LFPG;Paris ;France;48.8534951;2.3483915
431;LFPM;Melun ;France;48.539927;2.6608169
432;LFPN;Toussus-Le-Noble;France;48.7451558;2.1145179
433;LFPO;Paris ;France;48.8534951;2.3483915
434;LFPT;Pontoise ;France;49.0508845;2.1008067
435;LFPV;Villacoublay ;France;48.7809496;2.1900052
436;LFQA;Reims ;France;49.2577886;4.031926
437;LFQG;Nevers ;France;46.9876601;3.1577203
438;LFQQ;Lille ;France;50.6365654;3.0635282
439;LFRB;Brest ;France;48.3905283;-4.4860088
440;LFRC;Cherbourg ;France;49.5127198;-1.5755441
441;LFRD;Dinard ;France;48.6320379;-2.0580178
442;LFRG;Deauville ;France;49.36;0.0752778
443;LFRH;Lorient ;France;47.7477336;-3.3660907
444;LFRI;La Roche-Sur-Yon ;France;46.6705431;-1.4269698
445;LFRJ;Landivisiau ;France;48.5127551;-4.0699356
446;LFRK;Caen ;France;49.1813403;-0.3635615
447;LFRL;Lanveoc ;France;48.2866723;-4.4615166
448;LFRM;Le Mans ;France;48.0073849;0.1967849
449;LFRN;Rennes ;France;48.1113387;-1.6800198
450;LFRO;Lannion;France;48.7322183;-3.4587994
451;LFRQ;Quimper ;France;47.9960325;-4.1024782
452;LFRS;Nantes/Atlantique;France;47.1518409;-1.608462
453;LFRT;St Brieuc ;France;48.5141134;-2.7603283
454;LFRU;Morlaix ;France;48.5824932;-3.8331972
455;LFRV;Vannes ;France;47.6586772;-2.7599079
456;LFRZ;St Nazaire ;France;47.2733517;-2.2138905
457;LFSB;Basle-Mulhouse;France;47.750338;7.352629
458;LFSD;Dijon ;France;47.3215806;5.0414701
459;LFSG;Epinal ;France;48.1747684;6.4503643
460;LFSI;St Dizier ;France;48.6371125;4.9473513
461;LFSL;Brive ;France;46.3738887;5.7977896
462;LFSM;Montbeliard ;France;47.5102368;6.7977564
463;LFSN;Nancy ;France;48.6937223;6.1834097
464;LFSO;Nancy ;France;48.6937223;6.1834097
465;LFST;Strasbourg ;France;48.584614;7.7507127
466;LFSX;Luxeuil ;France;47.817177;6.3808865
467;LFTH;Hyeres ;France;43.1202573;6.1301614
468;LFTW;Nimes ;France;43.8374249;4.3600687
469;LFYR;Romorantin ;France;47.3592182;1.7434925
470;LGAD;Andravida ;Greece;37.907587;21.269662
471;LGAL;Alexandroupolis ;Greece;36.4230252;28.2100905
472;LGAV;Athens ;Greece;37.9755648;23.7348324
473;LGBL;Almiros ;Greece;36.8651818;25.5327999
474;LGEL;Elefsis;Greece;38.0323903;23.4959887
475;LGHI;Chios ;Greece;38.3758131;26.0646552
476;LGIO;Ioannina ;Greece;39.6639818;20.8522784
477;LGIR;Iraklion ;Greece;35.33908;25.1332843
478;LGKC;Kithira;Greece;36.2580288;23.0024352
479;LGKF;Kefallinia;Greece;38.2660322;20.5373903
480;LGKL;Kalamata;Greece;37.0372714;22.110707
481;LGKO;Kos ;Greece;36.7936933;27.0848266
482;LGKP;Karpathos;Greece;35.6136611;27.1192567
483;LGKR;Kerkira ;Greece;39.4951543;19.832205
484;LGKV;Kavala ;Greece;40.9369224;24.4122766
485;LGKZ;Kozani ;Greece;40.3007259;21.7883119
486;LGLM;Limnos ;Greece;39.9088688;25.1499608
487;LGMK;Mikonos;Greece;37.4513936;25.3923149
488;LGMT;Mitilini ;Greece;40.9351571;24.4130694
489;LGNX;Naxos;Greece;37.0600105;25.4707567
490;LGPA;Paros;Greece;37.0651494;25.1919784
491;LGPZ;Preveza ;Greece;38.9571673;20.7516209
492;LGRP;Rodos ;Greece;36.1725297;27.9194016
493;LGRX;Araxos;Greece;38.1652451;21.4086813
494;LGSA;Chania ;Greece;35.5120831;24.0191544
495;LGSK;Skiathos ;Greece;39.1692985;23.4552513
496;LGSM;Samos ;Greece;37.7246162;26.8192919
497;LGSO;Syros ;Greece;37.4385101;24.9123772
498;LGSR;Santorini;Greece;36.4071112;25.4566637
499;LGTS;Thessaloniki ;Greece;40.6403167;22.9352716
500;LGZA;Zakinthos ;Greece;37.78022;20.89555
501;LIBA;Amendola;Italy;41.5414693;15.7106061
502;LIBC;Crotone;Italy;39.1873894;16.8782819
503;LIBD;Bari ;Italy;41.1257843;16.8620293
504;LIBF;Foggia ;Italy;41.5028105;15.4528939
505;LIBG;Taranto ;Italy;40.5488156;17.0805801
506;LIBN;Lecce ;Italy;40.1522173;18.2260628
507;LIBP;Pescara;Italy;42.3102619;13.9575901
508;LIBR;Brindisi ;Italy;40.6359197;17.6884434
509;LIBV;Gioia Del Colle;Italy;40.796728;16.92359
510;LICA;Lamezia Terme;Italy;38.9645069;16.3021451
511;LICB;Comiso;Italy;36.9507336;14.6074553
512;LICC;Catania ;Italy;37.5023612;15.0873718
513;LICD;Lampedusa;Italy;35.5111342;12.5962914
514;LICG;Pantelleria;Italy;36.8314576;11.9450395
515;LICJ;Palermo ;Italy;38.1112268;13.3524434
516;LICR;Reggio Calabria;Italy;38.1035389;15.6397556
517;LICT;Trapani ;Italy;38.0173961;12.5160225
518;LICZ;Catania ;Italy;37.5023612;15.0873718
519;LIEA;Alghero ;Italy;40.5587291;8.3153206
520;LIED;Decimomannu;Italy;39.311738;8.968841
521;LIEE;Cagliari ;Italy;39.2171994;9.113311
522;LIEO;Olbia ;Italy;40.9232659;9.5027442
523;LIMA;Torino ;Italy;45.0677551;7.6824892
524;LIMC;Milan ;Italy;45.4641943;9.1896346
525;LIME;Bergamo ;Italy;45.7566557;9.7542192
526;LIMF;Torino ;Italy;45.0677551;7.6824892
527;LIMG;Albenga;Italy;44.0492503;8.2131239
528;LIMJ;Genoa ;Italy;44.40726;8.9338624
529;LIML;Milan ;Italy;45.4641943;9.1896346
530;LIMN;Cameri;Italy;45.4996737;8.6604512
531;LIMP;Parma;Italy;44.6952006;10.0979869
532;LIMS;Piacenza;Italy;44.8476352;9.6665313
533;LIMW;Aosta;Italy;45.7370885;7.3196649
534;LIMZ;Cuneo ;Italy;44.4580703;7.5581367
535;LIPA;Aviano ;Italy;46.0685438;12.5891138
536;LIPB;Bolzano;Italy;46.4984781;11.3547399
537;LIPC;Cervia;Italy;44.2609836;12.3495462
538;LIPE;Bologna ;Italy;44.4938203;11.3426327
539;LIPF;Ferrara;Italy;44.7667642;11.827939
540;LIPH;Treviso ;Italy;45.8066913;12.2063158
541;LIPI;Rivolto;Italy;45.9537388;13.0205074
542;LIPK;Forli;Italy;44.2227278;12.041273
543;LIPL;Ghedi;Italy;45.4015124;10.2768169
544;LIPO;Brescia ;Italy;45.7795804;10.425873
545;LIPQ;Trieste ;Italy;45.6496485;13.7772781
546;LIPR;Rimini;Italy;43.9465433;12.630749
547;LIPS;Treviso ;Italy;45.8066913;12.2063158
548;LIPU;Padova;Italy;45.391408;11.8058487
549;LIPX;Verona ;Italy;45.4424977;10.9857377
550;LIPY;Ancona ;Italy;43.4801189;13.2187279
551;LIPZ;Venice ;Italy;45.4371908;12.3345898
552;LIQN;Rieti;Italy;42.4147363;12.8858881
553;LIQW;Sarzana ;Italy;44.1131762;9.9599823
554;LIRA;Rome ;Italy;41.8933203;12.4829321
555;LIRE;Pratica Di Mare;Italy;41.6636559;12.4803042
556;LIRF;Rome ;Italy;41.8933203;12.4829321
557;LIRG;Guidonia;Italy;41.9972039;12.7263446
558;LIRH;Frosinone;Italy;41.6285468;13.5758498
559;LIRI;Salerno ;Italy;40.4194416;15.3106085
560;LIRL;Latina;Italy;41.4595261;13.0125912
561;LIRM;Grazzanise;Italy;41.089413;14.100324
562;LIRN;Naples ;Italy;40.8358846;14.2487679
563;LIRP;Pisa ;Italy;43.4714722;10.6797912
564;LIRQ;Florence ;Italy;43.7697955;11.2556404
565;LIRS;Grosseto;Italy;42.7751102;11.2878044
566;LIRU;Rome ;Italy;41.8933203;12.4829321
567;LIRV;Viterbo;Italy;42.4929522;11.9488136
568;LIRZ;Perugia ;Italy;43.1070321;12.4029962
569;LJCE;Cerklje ob Krki;Slovenia;45.8841333;15.5203355
570;LJLJ;Ljubljana ;Slovenia;46.0500268;14.5069289
571;LJMB;Maribor ;Slovenia;46.5576439;15.6455854
572;LJPZ;Portoroz ;Slovenia;45.5146489;13.5910112
573;LMML;Malta ;Malta;35.8885993;14.4476911
574;LOAN;Wiener Neustadt/Ost;Austria;47.8437044;16.2596186
575;LOAV;Voslau;Austria;47.9725133;16.216428
576;LOWG;Graz;Austria;47.0708678;15.4382786
577;LOWI;Innsbruck;Austria;47.2654296;11.3927685
578;LOWK;Klagenfurt;Austria;46.623943;14.3075976
579;LOWL;Linz;Austria;48.3059078;14.286198
580;LOWS;Salzburg;Austria;47.7981346;13.0464806
581;LOWW;Vienna ;Austria;48.2083537;16.3725042
582;LOXZ;Zeltweg;Austria;47.1912045;14.7549244
583;LPAR;Alverca;Portugal;38.8898715;-9.0340947
584;LPBJ;Beja ;Portugal;38.0154479;-7.8650368
585;LPCS;Cascais;Portugal;38.6968919;-9.4204495
586;LPFR;Faro;Portugal;37.0162944;-7.935182
587;LPMA;Madeira;Portugal;32.7517501;-16.9817487
588;LPMR;Monte Real ;Portugal;39.8508646;-8.8646054
589;LPMT;Montijo ;Portugal;38.7060845;-8.9746372
590;LPOV;Ovar;Portugal;40.8594819;-8.6252174
591;LPPR;Porto ;Portugal;41.1494512;-8.6107884
592;LPPS;Porto Santo;Portugal;33.0657845;-16.3362236
593;LPPT;Lisbon;Portugal;38.7077507;-9.1365919
594;LPST;Sintra ;Portugal;38.79846;-9.3881
595;LQBK;Banja Luka;Bosnia And Herzegovina;44.7720845;17.1917651
596;LQMO;Mostar;Bosnia And Herzegovina;43.3435855;17.8076584
597;LQSA;Sarajevo;Bosnia And Herzegovina;43.8519774;18.3866868
598;LQTZ;Tuzla;Bosnia And Herzegovina;44.5391105;18.675193
599;LSGC;Les Eplatures;Switzerland;47.0888126;6.8045708
600;LSGG;Geneva;Switzerland;46.2017559;6.1466014
601;LSGS;Sion;Switzerland;46.2311749;7.3588795
602;LSMA;Alpnach ;Switzerland;46.9411661;8.2736829
603;LSMD;Dubendorf;Switzerland;47.3969942;8.6185666
604;LSME;Emmen;Switzerland;47.0752429;8.2839456
605;LSMM;Meiringen ;Switzerland;46.7285518;8.1870934
606;LSMP;Payerne;Switzerland;46.8208047;6.939126
607;LSZA;Lugano;Switzerland;46.0050102;8.9520281
608;LSZB;Bern ;Switzerland;46.9484742;7.4521749
609;LSZC;Buochs;Switzerland;46.9739978;8.4205883
610;LSZG;Grenchen;Switzerland;47.1911495;7.3967199
611;LSZH;Zurich;Switzerland;47.3744489;8.5410422
612;LSZL;Locarno;Switzerland;46.1695739;8.7954859
613;LSZR;St Gallen ;Switzerland;47.425618;9.3762397
614;LSZS;Samedan;Switzerland;46.5332403;9.874586
615;LWOH;Ohrid ;Macedonia;41.1170203;20.8017715
616;LWSK;Skopje ;Macedonia;41.9961816;21.4319213
617;LXGB;Gibraltar;Gibraltar;36.1285933;-5.3474761
618;LYBE;Belgrade ;Serbia;44.8178131;20.4568974
619;LYBT;Belgrade ;Serbia;44.8178131;20.4568974
620;LYKV;Kraljevo ;Serbia;43.7234519;20.6870792
621;LYNI;Nis ;Serbia;43.3162736;21.9212335
622;LYPG;Podgorica;Serbia;43.7822587;19.6796197
623;LYTV;Tivat;Serbia;44.81892;20.45998
624;LYVR;Vrsac;Serbia;45.1211263;21.2960485
625;EPBY;Bydgoszcz;Poland;53.0965021;17.9777474
626;EPGD;Gdansk;Poland;54.3775695;18.4662244
627;EPKK;Krakow;Poland;50.0779431;19.7848944
628;EPKT;Katowice;Poland;50.4742535;19.0803449
629;EPLB;Lublin;Poland;51.2404042;22.7131336
630;EPLL;Lodz;Poland;51.7214219;19.3993933
631;EPMO;Warsaw;Poland;52.1657505;20.9673702
632;EPPO;Poznan;Poland;52.4212485;16.826299
633;EPRZ;Rzeszow;Poland;50.1109217;22.0180333
634;EPSC;Szczecin;Poland;53.584731;14.902961
635;EPSY;Olsztyn;Poland;53.48188;20.937703
636;EPWA;Warsaw;Poland;52.1657505;20.9673702
637;EPWR;Wroclaw;Poland;51.1027111;16.8859359
638;EPZG;Zielona Gora;Poland;52.1385171;15.798563